Name,Title,Constituency,State,Photo
Anthony Albanese,Hon,Grayndler,New South Wales,https://www.aph.gov.au/api/parliamentarian/R36/image
Anne Aly,Hon Dr,Cowan,Western Australia,https://www.aph.gov.au/api/parliamentarian/13050/image
Bridget Archer,Mrs,Bass,Tasmania,https://www.aph.gov.au/api/parliamentarian/282237/image
Adam Bandt,Mr,Melbourne,Victoria,https://www.aph.gov.au/api/parliamentarian/M3C/image
Stephen Bates,Mr,Brisbane,Queensland,https://www.aph.gov.au/api/parliamentarian/300246/image
Angie Bell,Ms,Moncrieff,Queensland,https://www.aph.gov.au/api/parliamentarian/282981/image
Jodie Belyea,Ms,Dunkley,Victoria,https://www.aph.gov.au/api/parliamentarian/309484/image
Sam Birrell,Mr,Nicholls,Victoria,https://www.aph.gov.au/api/parliamentarian/288713/image
Chris Bowen,Hon,McMahon,New South Wales,https://www.aph.gov.au/api/parliamentarian/DZS/image
Colin Boyce,Mr,Flynn,Queensland,https://www.aph.gov.au/api/parliamentarian/299498/image
Russell Broadbent,Mr,Monash,Victoria,https://www.aph.gov.au/api/parliamentarian/MT4/image
Scott Buchholz,Hon,Wright,Queensland,https://www.aph.gov.au/api/parliamentarian/230531/image
Tony Burke,Hon,Watson,New South Wales,https://www.aph.gov.au/api/parliamentarian/DYW/image
Matt Burnell,Mr,Spence,South Australia,https://www.aph.gov.au/api/parliamentarian/300129/image
Josh Burns,Mr,Macnamara,Victoria,https://www.aph.gov.au/api/parliamentarian/278522/image
Mark Butler,Hon,Hindmarsh,South Australia,https://www.aph.gov.au/api/parliamentarian/HWK/image
Alison Byrnes,Ms,Cunningham,New South Wales,https://www.aph.gov.au/api/parliamentarian/299145/image
Cameron Caldwell,Mr,Fadden,Queensland,https://www.aph.gov.au/api/parliamentarian/306489/image
Jim Chalmers,Hon Dr,Rankin,Queensland,https://www.aph.gov.au/api/parliamentarian/37998/image
Max Chandler-Mather,Mr,Griffith,Queensland,https://www.aph.gov.au/api/parliamentarian/300121/image
Kate Chaney,Ms,Curtin,Western Australia,https://www.aph.gov.au/api/parliamentarian/300006/image
Andrew Charlton,Dr,Parramatta,New South Wales,https://www.aph.gov.au/api/parliamentarian/I8M/image
Darren Chester,Hon,Gippsland,Victoria,https://www.aph.gov.au/api/parliamentarian/IPZ/image
Lisa Chesters,Ms,Bendigo,Victoria,https://www.aph.gov.au/api/parliamentarian/249710/image
Jason Clare,Hon,Blaxland,New South Wales,https://www.aph.gov.au/api/parliamentarian/HWL/image
Sharon Claydon,Ms,Newcastle,New South Wales,https://www.aph.gov.au/api/parliamentarian/248181/image
Libby Coker,Ms,Corangamite,Victoria,https://www.aph.gov.au/api/parliamentarian/263547/image
David Coleman,Hon,Banks,New South Wales,https://www.aph.gov.au/api/parliamentarian/241067/image
Julie Collins,Hon,Franklin,Tasmania,https://www.aph.gov.au/api/parliamentarian/HWM/image
Pat Conaghan,Mr,Cowper,New South Wales,https://www.aph.gov.au/api/parliamentarian/279991/image
Pat Conroy,Hon,Shortland,New South Wales,https://www.aph.gov.au/api/parliamentarian/249127/image
Zoe Daniel,Ms,Goldstein,Victoria,https://www.aph.gov.au/api/parliamentarian/008CH/image
Milton Dick,Hon,Oxley,Queensland,https://www.aph.gov.au/api/parliamentarian/53517/image
Mary Doyle,Ms,Aston,Victoria,https://www.aph.gov.au/api/parliamentarian/299962/image
Mark Dreyfus,Hon,Isaacs,Victoria,https://www.aph.gov.au/api/parliamentarian/HWG/image
Peter Dutton,Hon,Dickson,Queensland,https://www.aph.gov.au/api/parliamentarian/00AKI/image
Justine Elliot,Hon,Richmond,New South Wales,https://www.aph.gov.au/api/parliamentarian/DZW/image
Cassandra Fernando,Ms,Holt,Victoria,https://www.aph.gov.au/api/parliamentarian/299964/image
Mike Freelander,Dr,Macarthur,New South Wales,https://www.aph.gov.au/api/parliamentarian/265979/image
Carina Garland,Dr,Chisholm,Victoria,https://www.aph.gov.au/api/parliamentarian/295588/image
Andrew Gee,Hon,Calare,New South Wales,https://www.aph.gov.au/api/parliamentarian/261393/image
Steve Georganas,Mr,Adelaide,South Australia,https://www.aph.gov.au/api/parliamentarian/DZY/image
Andrew Giles,Hon,Scullin,Victoria,https://www.aph.gov.au/api/parliamentarian/243609/image
Ian Goodenough,Mr,Moore,Western Australia,https://www.aph.gov.au/api/parliamentarian/74046/image
Patrick Gorman,Hon,Perth,Western Australia,https://www.aph.gov.au/api/parliamentarian/74519/image
Luke Gosling,Mr,Solomon,Northern Territory,https://www.aph.gov.au/api/parliamentarian/245392/image
Helen Haines,Dr,Indi,Victoria,https://www.aph.gov.au/api/parliamentarian/282335/image
Garth Hamilton,Mr,Groom,Queensland,https://www.aph.gov.au/api/parliamentarian/291387/image
Andrew Hastie,Hon,Canning,Western Australia,https://www.aph.gov.au/api/parliamentarian/260805/image
Alex Hawke,Hon,Mitchell,New South Wales,https://www.aph.gov.au/api/parliamentarian/HWO/image
Julian Hill,Hon,Bruce,Victoria,https://www.aph.gov.au/api/parliamentarian/86256/image
Kevin Hogan,Hon,Page,New South Wales,https://www.aph.gov.au/api/parliamentarian/218019/image
Luke Howarth,Hon,Petrie,Queensland,https://www.aph.gov.au/api/parliamentarian/247742/image
Ed Husic,Hon,Chifley,New South Wales,https://www.aph.gov.au/api/parliamentarian/91219/image
Barnaby Joyce,Hon,New England,New South Wales,https://www.aph.gov.au/api/parliamentarian/e5d/image
Bob Katter,Hon,Kennedy,Queensland,https://www.aph.gov.au/api/parliamentarian/HX4/image
Ged Kearney,Hon,Cooper,Victoria,https://www.aph.gov.au/api/parliamentarian/LTU/image
Simon Kennedy,Mr,Cook,New South Wales,https://www.aph.gov.au/api/parliamentarian/267506/image
Matt Keogh,Hon,Burt,Western Australia,https://www.aph.gov.au/api/parliamentarian/249147/image
Peter Khalil,Mr,Wills,Victoria,https://www.aph.gov.au/api/parliamentarian/101351/image
Catherine King,Hon,Ballarat,Victoria,https://www.aph.gov.au/api/parliamentarian/00AMR/image
Madeleine King,Hon,Brand,Western Australia,https://www.aph.gov.au/api/parliamentarian/102376/image
Michelle Landry,Hon,Capricornia,Queensland,https://www.aph.gov.au/api/parliamentarian/249764/image
Tania Lawrence,Ms,Hasluck,Western Australia,https://www.aph.gov.au/api/parliamentarian/299150/image
Jerome Laxale,Mr,Bennelong,New South Wales,https://www.aph.gov.au/api/parliamentarian/299174/image
Dai Le,Ms,Fowler,New South Wales,https://www.aph.gov.au/api/parliamentarian/295676/image
Julian Leeser,Mr,Berowra,New South Wales,https://www.aph.gov.au/api/parliamentarian/109556/image
Andrew Leigh,Hon Dr,Fenner,Australian Capital Territory,https://www.aph.gov.au/api/parliamentarian/BU8/image
Sussan Ley,Hon,Farrer,New South Wales,https://www.aph.gov.au/api/parliamentarian/00AMN/image
Sam Lim,Mr,Tangney,Western Australia,https://www.aph.gov.au/api/parliamentarian/300130/image
David Littleproud,Hon,Maranoa,Queensland,https://www.aph.gov.au/api/parliamentarian/265585/image
Richard Marles,Hon,Corio,Victoria,https://www.aph.gov.au/api/parliamentarian/HWQ/image
Zaneta Mascarenhas,Ms,Swan,Western Australia,https://www.aph.gov.au/api/parliamentarian/298800/image
Kristy McBain,Hon,Eden-Monaro,New South Wales,https://www.aph.gov.au/api/parliamentarian/281988/image
Emma McBride,Hon,Dobell,New South Wales,https://www.aph.gov.au/api/parliamentarian/248353/image
Michael McCormack,Hon,Riverina,New South Wales,https://www.aph.gov.au/api/parliamentarian/219646/image
Melissa McIntosh,Mrs,Lindsay,New South Wales,https://www.aph.gov.au/api/parliamentarian/281513/image
Zoe McKenzie,Ms,Flinders,Victoria,https://www.aph.gov.au/api/parliamentarian/124514/image
Louise Miller-Frost,Ms,Boothby,South Australia,https://www.aph.gov.au/api/parliamentarian/296272/image
Rob Mitchell,Mr,McEwen,Victoria,https://www.aph.gov.au/api/parliamentarian/M3E/image
Daniel Mulino,Dr,Fraser,Victoria,https://www.aph.gov.au/api/parliamentarian/132880/image
Shayne Neumann,Hon,Blair,Queensland,https://www.aph.gov.au/api/parliamentarian/HVO/image
Ted O'Brien,Mr,Fairfax,Queensland,https://www.aph.gov.au/api/parliamentarian/138932/image
Llew O'Brien,Mr,Wide Bay,Queensland,https://www.aph.gov.au/api/parliamentarian/265991/image
Clare O'Neil,Hon,Hotham,Victoria,https://www.aph.gov.au/api/parliamentarian/140590/image
Tony Pasin,Mr,Barker,South Australia,https://www.aph.gov.au/api/parliamentarian/240756/image
Alicia Payne,Ms,Canberra,Australian Capital Territory,https://www.aph.gov.au/api/parliamentarian/144732/image
Fiona Phillips,Mrs,Gilmore,New South Wales,https://www.aph.gov.au/api/parliamentarian/147140/image
Henry Pike,Mr,Bowman,Queensland,https://www.aph.gov.au/api/parliamentarian/300120/image
Tanya Plibersek,Hon,Sydney,New South Wales,https://www.aph.gov.au/api/parliamentarian/83M/image
Melissa Price,Hon,Durack,Western Australia,https://www.aph.gov.au/api/parliamentarian/249308/image
Sam Rae,Mr,Hawke,Victoria,https://www.aph.gov.au/api/parliamentarian/300122/image
Gordon Reid,Dr,Robertson,New South Wales,https://www.aph.gov.au/api/parliamentarian/300126/image
Dan Repacholi,Mr,Hunter,New South Wales,https://www.aph.gov.au/api/parliamentarian/298840/image
Amanda Rishworth,Hon,Kingston,South Australia,https://www.aph.gov.au/api/parliamentarian/HWA/image
Tracey Roberts,Ms,Pearce,Western Australia,https://www.aph.gov.au/api/parliamentarian/157125/image
Michelle Rowland,Hon,Greenway,New South Wales,https://www.aph.gov.au/api/parliamentarian/159771/image
Joanne Ryan,Ms,Lalor,Victoria,https://www.aph.gov.au/api/parliamentarian/249224/image
Monique Ryan,Dr,Kooyong,Victoria,https://www.aph.gov.au/api/parliamentarian/297660/image
Sophie Scamps,Dr,Mackellar,New South Wales,https://www.aph.gov.au/api/parliamentarian/299623/image
Marion Scrymgour,Ms,Lingiari,Northern Territory,https://www.aph.gov.au/api/parliamentarian/F2S/image
Rebekha Sharkie,Ms,Mayo,South Australia,https://www.aph.gov.au/api/parliamentarian/265980/image
Sally Sitou,Ms,Reid,New South Wales,https://www.aph.gov.au/api/parliamentarian/298121/image
David Smith,Mr,Bean,Australian Capital Territory,https://www.aph.gov.au/api/parliamentarian/276714/image
Allegra Spender,Ms,Wentworth,New South Wales,https://www.aph.gov.au/api/parliamentarian/286042/image
Anne Stanley,Ms,Werriwa,New South Wales,https://www.aph.gov.au/api/parliamentarian/265990/image
Zali Steggall,Ms,Warringah,New South Wales,https://www.aph.gov.au/api/parliamentarian/175696/image
James Stevens,Mr,Sturt,South Australia,https://www.aph.gov.au/api/parliamentarian/176304/image
Michael Sukkar,Hon,Deakin,Victoria,https://www.aph.gov.au/api/parliamentarian/242515/image
Meryl Swanson,Ms,Paterson,New South Wales,https://www.aph.gov.au/api/parliamentarian/264170/image
Angus Taylor,Hon,Hume,New South Wales,https://www.aph.gov.au/api/parliamentarian/231027/image
Dan Tehan,Hon,Wannon,Victoria,https://www.aph.gov.au/api/parliamentarian/210911/image
Susan Templeman,Ms,Macquarie,New South Wales,https://www.aph.gov.au/api/parliamentarian/181810/image
Matt Thistlethwaite,Hon,Kingsford Smith,New South Wales,https://www.aph.gov.au/api/parliamentarian/182468/image
Phillip Thompson,Mr,Herbert,Queensland,https://www.aph.gov.au/api/parliamentarian/281826/image
Kate Thwaites,Hon,Jagajaga,Victoria,https://www.aph.gov.au/api/parliamentarian/282212/image
Bert van Manen,Mr,Forde,Queensland,https://www.aph.gov.au/api/parliamentarian/188315/image
Ross Vasta,Mr,Bonner,Queensland,https://www.aph.gov.au/api/parliamentarian/E0D/image
Aaron Violi,Mr,Casey,Victoria,https://www.aph.gov.au/api/parliamentarian/300147/image
Andrew Wallace,Mr,Fisher,Queensland,https://www.aph.gov.au/api/parliamentarian/265967/image
Jenny Ware,Ms,Hughes,New South Wales,https://www.aph.gov.au/api/parliamentarian/300123/image
Elizabeth Watson-Brown,Ms,Ryan,Queensland,https://www.aph.gov.au/api/parliamentarian/300127/image
Tim Watts,Hon,Gellibrand,Victoria,https://www.aph.gov.au/api/parliamentarian/193430/image
Anne Webster,Dr,Mallee,Victoria,https://www.aph.gov.au/api/parliamentarian/281688/image
Anika Wells,Hon,Lilley,Queensland,https://www.aph.gov.au/api/parliamentarian/264121/image
Andrew Wilkie,Mr,Clark,Tasmania,https://www.aph.gov.au/api/parliamentarian/C2T/image
Andrew Willcox,Mr,Dawson,Queensland,https://www.aph.gov.au/api/parliamentarian/286535/image
Josh Wilson,Hon,Fremantle,Western Australia,https://www.aph.gov.au/api/parliamentarian/265970/image
Rick Wilson,Mr,O'Connor,Western Australia,https://www.aph.gov.au/api/parliamentarian/198084/image
Keith Wolahan,Mr,Menzies,Victoria,https://www.aph.gov.au/api/parliamentarian/235654/image
Jason Wood,Hon,La Trobe,Victoria,https://www.aph.gov.au/api/parliamentarian/E0F/image
Terry Young,Mr,Longman,Queensland,https://www.aph.gov.au/api/parliamentarian/201906/image
Tony Zappia,Mr,Makin,South Australia,https://www.aph.gov.au/api/parliamentarian/HWB/image